Publikationsjahr,Indikator_Nr,jahr_num,jahr_char,Wert,Indikator_Name,IndikatorLabelShort,Wohnviertel_id,Wohnviertel,Rang,Indikator-Kategorie,Gewichtung_Text,Bewertung_Text,Einheit,wert_txt
2022,1,2021,2021,0.0206146927,Sozialhilfequote,Anteil Sozialhilfeempfänger,1,Altstadt Grossbasel,4,Gesellschaft und Soziales,Der Anteil Sozialhilfeempfänger ist für mich,Ein hoher Anteil Sozialhilfeempfänger ist für mich,,"2,06%"
2022,1,2021,2021,0.0331435543,Sozialhilfequote,Anteil Sozialhilfeempfänger,2,Vorstädte,8,Gesellschaft und Soziales,Der Anteil Sozialhilfeempfänger ist für mich,Ein hoher Anteil Sozialhilfeempfänger ist für mich,,"3,31%"
2022,1,2021,2021,0.0290253861,Sozialhilfequote,Anteil Sozialhilfeempfänger,3,Am Ring,5,Gesellschaft und Soziales,Der Anteil Sozialhilfeempfänger ist für mich,Ein hoher Anteil Sozialhilfeempfänger ist für mich,,"2,9%"
2022,1,2021,2021,0.0461364918,Sozialhilfequote,Anteil Sozialhilfeempfänger,4,Breite,11,Gesellschaft und Soziales,Der Anteil Sozialhilfeempfänger ist für mich,Ein hoher Anteil Sozialhilfeempfänger ist für mich,,"4,61%"
2022,1,2021,2021,0.0335312317,Sozialhilfequote,Anteil Sozialhilfeempfänger,5,St. Alban,9,Gesellschaft und Soziales,Der Anteil Sozialhilfeempfänger ist für mich,Ein hoher Anteil Sozialhilfeempfänger ist für mich,,"3,35%"
2022,1,2021,2021,0.0578019426,Sozialhilfequote,Anteil Sozialhilfeempfänger,6,Gundeldingen,13,Gesellschaft und Soziales,Der Anteil Sozialhilfeempfänger ist für mich,Ein hoher Anteil Sozialhilfeempfänger ist für mich,,"5,78%"
2022,1,2021,2021,0.0164212311,Sozialhilfequote,Anteil Sozialhilfeempfänger,7,Bruderholz,2,Gesellschaft und Soziales,Der Anteil Sozialhilfeempfänger ist für mich,Ein hoher Anteil Sozialhilfeempfänger ist für mich,,"1,64%"
2022,1,2021,2021,0.0197925796,Sozialhilfequote,Anteil Sozialhilfeempfänger,8,Bachletten,3,Gesellschaft und Soziales,Der Anteil Sozialhilfeempfänger ist für mich,Ein hoher Anteil Sozialhilfeempfänger ist für mich,,"1,98%"
2022,1,2021,2021,0.0410716914,Sozialhilfequote,Anteil Sozialhilfeempfänger,9,Gotthelf,10,Gesellschaft und Soziales,Der Anteil Sozialhilfeempfänger ist für mich,Ein hoher Anteil Sozialhilfeempfänger ist für mich,,"4,11%"
2022,1,2021,2021,0.0916434044,Sozialhilfequote,Anteil Sozialhilfeempfänger,10,Iselin,19,Gesellschaft und Soziales,Der Anteil Sozialhilfeempfänger ist für mich,Ein hoher Anteil Sozialhilfeempfänger ist für mich,,"9,16%"
2022,1,2021,2021,0.0714626518,Sozialhilfequote,Anteil Sozialhilfeempfänger,11,St. Johann,17,Gesellschaft und Soziales,Der Anteil Sozialhilfeempfänger ist für mich,Ein hoher Anteil Sozialhilfeempfänger ist für mich,,"7,15%"
2022,1,2021,2021,0.0635324015,Sozialhilfequote,Anteil Sozialhilfeempfänger,12,Altstadt Kleinbasel,15,Gesellschaft und Soziales,Der Anteil Sozialhilfeempfänger ist für mich,Ein hoher Anteil Sozialhilfeempfänger ist für mich,,"6,35%"
2022,1,2021,2021,0.0736817868,Sozialhilfequote,Anteil Sozialhilfeempfänger,13,Clara,18,Gesellschaft und Soziales,Der Anteil Sozialhilfeempfänger ist für mich,Ein hoher Anteil Sozialhilfeempfänger ist für mich,,"7,37%"
2022,1,2021,2021,0.0295292687,Sozialhilfequote,Anteil Sozialhilfeempfänger,14,Wettstein,6,Gesellschaft und Soziales,Der Anteil Sozialhilfeempfänger ist für mich,Ein hoher Anteil Sozialhilfeempfänger ist für mich,,"2,95%"
2022,1,2021,2021,0.0476088585,Sozialhilfequote,Anteil Sozialhilfeempfänger,15,Hirzbrunnen,12,Gesellschaft und Soziales,Der Anteil Sozialhilfeempfänger ist für mich,Ein hoher Anteil Sozialhilfeempfänger ist für mich,,"4,76%"
2022,1,2021,2021,0.0709023941,Sozialhilfequote,Anteil Sozialhilfeempfänger,16,Rosental,16,Gesellschaft und Soziales,Der Anteil Sozialhilfeempfänger ist für mich,Ein hoher Anteil Sozialhilfeempfänger ist für mich,,"7,09%"
2022,1,2021,2021,0.0969088301,Sozialhilfequote,Anteil Sozialhilfeempfänger,17,Matthäus,20,Gesellschaft und Soziales,Der Anteil Sozialhilfeempfänger ist für mich,Ein hoher Anteil Sozialhilfeempfänger ist für mich,,"9,69%"
2022,1,2021,2021,0.1280207135,Sozialhilfequote,Anteil Sozialhilfeempfänger,18,Klybeck,22,Gesellschaft und Soziales,Der Anteil Sozialhilfeempfänger ist für mich,Ein hoher Anteil Sozialhilfeempfänger ist für mich,,"12,8%"
2022,1,2021,2021,0.1171335031,Sozialhilfequote,Anteil Sozialhilfeempfänger,19,Kleinhüningen,21,Gesellschaft und Soziales,Der Anteil Sozialhilfeempfänger ist für mich,Ein hoher Anteil Sozialhilfeempfänger ist für mich,,"11,7%"
2022,1,2021,2021,0.0311356986,Sozialhilfequote,Anteil Sozialhilfeempfänger,20,Riehen,7,Gesellschaft und Soziales,Der Anteil Sozialhilfeempfänger ist für mich,Ein hoher Anteil Sozialhilfeempfänger ist für mich,,"3,11%"
2022,1,2021,2021,0.0112540193,Sozialhilfequote,Anteil Sozialhilfeempfänger,30,Bettingen,1,Gesellschaft und Soziales,Der Anteil Sozialhilfeempfänger ist für mich,Ein hoher Anteil Sozialhilfeempfänger ist für mich,,"1,13%"
2022,1,2021,2021,0.059,Sozialhilfequote,Anteil Sozialhilfeempfänger,99,Kanton Basel-Stadt,14,Gesellschaft und Soziales,Der Anteil Sozialhilfeempfänger ist für mich,Ein hoher Anteil Sozialhilfeempfänger ist für mich,,"5,9%"
2022,2,2021,2021,0.3114692654,Auslaenderanteil,Anteil Ausländer,1,Altstadt Grossbasel,7,Gesellschaft und Soziales,Der Anteil Ausländer ist für mich,Ein hoher Anteil Ausländer ist für mich,,"31,1%"
2022,2,2021,2021,0.4030093534,Auslaenderanteil,Anteil Ausländer,2,Vorstädte,16,Gesellschaft und Soziales,Der Anteil Ausländer ist für mich,Ein hoher Anteil Ausländer ist für mich,,"40,3%"
2022,2,2021,2021,0.3838096929,Auslaenderanteil,Anteil Ausländer,3,Am Ring,13,Gesellschaft und Soziales,Der Anteil Ausländer ist für mich,Ein hoher Anteil Ausländer ist für mich,,"38,4%"
2022,2,2021,2021,0.3555555556,Auslaenderanteil,Anteil Ausländer,4,Breite,9,Gesellschaft und Soziales,Der Anteil Ausländer ist für mich,Ein hoher Anteil Ausländer ist für mich,,"35,6%"
2022,2,2021,2021,0.3605652647,Auslaenderanteil,Anteil Ausländer,5,St. Alban,10,Gesellschaft und Soziales,Der Anteil Ausländer ist für mich,Ein hoher Anteil Ausländer ist für mich,,"36,1%"
2022,2,2021,2021,0.3962732264,Auslaenderanteil,Anteil Ausländer,6,Gundeldingen,15,Gesellschaft und Soziales,Der Anteil Ausländer ist für mich,Ein hoher Anteil Ausländer ist für mich,,"39,6%"
2022,2,2021,2021,0.2471660133,Auslaenderanteil,Anteil Ausländer,7,Bruderholz,2,Gesellschaft und Soziales,Der Anteil Ausländer ist für mich,Ein hoher Anteil Ausländer ist für mich,,"24,7%"
2022,2,2021,2021,0.2231229915,Auslaenderanteil,Anteil Ausländer,8,Bachletten,1,Gesellschaft und Soziales,Der Anteil Ausländer ist für mich,Ein hoher Anteil Ausländer ist für mich,,"22,3%"
2022,2,2021,2021,0.2855881054,Auslaenderanteil,Anteil Ausländer,9,Gotthelf,6,Gesellschaft und Soziales,Der Anteil Ausländer ist für mich,Ein hoher Anteil Ausländer ist für mich,,"28,6%"
2022,2,2021,2021,0.3841539467,Auslaenderanteil,Anteil Ausländer,10,Iselin,14,Gesellschaft und Soziales,Der Anteil Ausländer ist für mich,Ein hoher Anteil Ausländer ist für mich,,"38,4%"
2022,2,2021,2021,0.420505752,Auslaenderanteil,Anteil Ausländer,11,St. Johann,17,Gesellschaft und Soziales,Der Anteil Ausländer ist für mich,Ein hoher Anteil Ausländer ist für mich,,"42,1%"
2022,2,2021,2021,0.3837357052,Auslaenderanteil,Anteil Ausländer,12,Altstadt Kleinbasel,12,Gesellschaft und Soziales,Der Anteil Ausländer ist für mich,Ein hoher Anteil Ausländer ist für mich,,"38,4%"
2022,2,2021,2021,0.4860695372,Auslaenderanteil,Anteil Ausländer,13,Clara,19,Gesellschaft und Soziales,Der Anteil Ausländer ist für mich,Ein hoher Anteil Ausländer ist für mich,,"48,6%"
2022,2,2021,2021,0.3303804065,Auslaenderanteil,Anteil Ausländer,14,Wettstein,8,Gesellschaft und Soziales,Der Anteil Ausländer ist für mich,Ein hoher Anteil Ausländer ist für mich,, 33%
2022,2,2021,2021,0.259976463,Auslaenderanteil,Anteil Ausländer,15,Hirzbrunnen,4,Gesellschaft und Soziales,Der Anteil Ausländer ist für mich,Ein hoher Anteil Ausländer ist für mich,, 26%
2022,2,2021,2021,0.5615627466,Auslaenderanteil,Anteil Ausländer,16,Rosental,22,Gesellschaft und Soziales,Der Anteil Ausländer ist für mich,Ein hoher Anteil Ausländer ist für mich,,"56,2%"
2022,2,2021,2021,0.4985652798,Auslaenderanteil,Anteil Ausländer,17,Matthäus,20,Gesellschaft und Soziales,Der Anteil Ausländer ist für mich,Ein hoher Anteil Ausländer ist für mich,,"49,9%"
2022,2,2021,2021,0.5237341772,Auslaenderanteil,Anteil Ausländer,18,Klybeck,21,Gesellschaft und Soziales,Der Anteil Ausländer ist für mich,Ein hoher Anteil Ausländer ist für mich,,"52,4%"
2022,2,2021,2021,0.4798108403,Auslaenderanteil,Anteil Ausländer,19,Kleinhüningen,18,Gesellschaft und Soziales,Der Anteil Ausländer ist für mich,Ein hoher Anteil Ausländer ist für mich,, 48%
2022,2,2021,2021,0.2769294075,Auslaenderanteil,Anteil Ausländer,20,Riehen,5,Gesellschaft und Soziales,Der Anteil Ausländer ist für mich,Ein hoher Anteil Ausländer ist für mich,,"27,7%"
2022,2,2021,2021,0.2556270096,Auslaenderanteil,Anteil Ausländer,30,Bettingen,3,Gesellschaft und Soziales,Der Anteil Ausländer ist für mich,Ein hoher Anteil Ausländer ist für mich,,"25,6%"
2022,2,2021,2021,0.369,Auslaenderanteil,Anteil Ausländer,99,Kanton Basel-Stadt,11,Gesellschaft und Soziales,Der Anteil Ausländer ist für mich,Ein hoher Anteil Ausländer ist für mich,,"36,9%"
2022,4,2021,2021,0.3275212064,Anteileinpersonenhh,Anteil Personen in Einpersonenhaushalten,1,Altstadt Grossbasel,21,Gesellschaft und Soziales,Der Anteil Personen in Einpersonenhaushalten ist für mich,Ein hoher Anteil Personen in Einpersonenhaushalten ist für mich,,"32,8%"
2022,4,2021,2021,0.3197761997,Anteileinpersonenhh,Anteil Personen in Einpersonenhaushalten,2,Vorstädte,20,Gesellschaft und Soziales,Der Anteil Personen in Einpersonenhaushalten ist für mich,Ein hoher Anteil Personen in Einpersonenhaushalten ist für mich,, 32%
2022,4,2021,2021,0.2725616189,Anteileinpersonenhh,Anteil Personen in Einpersonenhaushalten,3,Am Ring,13,Gesellschaft und Soziales,Der Anteil Personen in Einpersonenhaushalten ist für mich,Ein hoher Anteil Personen in Einpersonenhaushalten ist für mich,,"27,3%"
2022,4,2021,2021,0.2863914903,Anteileinpersonenhh,Anteil Personen in Einpersonenhaushalten,4,Breite,16,Gesellschaft und Soziales,Der Anteil Personen in Einpersonenhaushalten ist für mich,Ein hoher Anteil Personen in Einpersonenhaushalten ist für mich,,"28,6%"
2022,4,2021,2021,0.2387309293,Anteileinpersonenhh,Anteil Personen in Einpersonenhaushalten,5,St. Alban,9,Gesellschaft und Soziales,Der Anteil Personen in Einpersonenhaushalten ist für mich,Ein hoher Anteil Personen in Einpersonenhaushalten ist für mich,,"23,9%"
2022,4,2021,2021,0.2916576264,Anteileinpersonenhh,Anteil Personen in Einpersonenhaushalten,6,Gundeldingen,17,Gesellschaft und Soziales,Der Anteil Personen in Einpersonenhaushalten ist für mich,Ein hoher Anteil Personen in Einpersonenhaushalten ist für mich,,"29,2%"
2022,4,2021,2021,0.1458693772,Anteileinpersonenhh,Anteil Personen in Einpersonenhaushalten,7,Bruderholz,2,Gesellschaft und Soziales,Der Anteil Personen in Einpersonenhaushalten ist für mich,Ein hoher Anteil Personen in Einpersonenhaushalten ist für mich,,"14,6%"
2022,4,2021,2021,0.2148515585,Anteileinpersonenhh,Anteil Personen in Einpersonenhaushalten,8,Bachletten,6,Gesellschaft und Soziales,Der Anteil Personen in Einpersonenhaushalten ist für mich,Ein hoher Anteil Personen in Einpersonenhaushalten ist für mich,,"21,5%"
2022,4,2021,2021,0.2981115108,Anteileinpersonenhh,Anteil Personen in Einpersonenhaushalten,9,Gotthelf,18,Gesellschaft und Soziales,Der Anteil Personen in Einpersonenhaushalten ist für mich,Ein hoher Anteil Personen in Einpersonenhaushalten ist für mich,,"29,8%"
2022,4,2021,2021,0.2840915957,Anteileinpersonenhh,Anteil Personen in Einpersonenhaushalten,10,Iselin,15,Gesellschaft und Soziales,Der Anteil Personen in Einpersonenhaushalten ist für mich,Ein hoher Anteil Personen in Einpersonenhaushalten ist für mich,,"28,4%"
2022,4,2021,2021,0.2364071456,Anteileinpersonenhh,Anteil Personen in Einpersonenhaushalten,11,St. Johann,8,Gesellschaft und Soziales,Der Anteil Personen in Einpersonenhaushalten ist für mich,Ein hoher Anteil Personen in Einpersonenhaushalten ist für mich,,"23,6%"
2022,4,2021,2021,0.3753943218,Anteileinpersonenhh,Anteil Personen in Einpersonenhaushalten,12,Altstadt Kleinbasel,22,Gesellschaft und Soziales,Der Anteil Personen in Einpersonenhaushalten ist für mich,Ein hoher Anteil Personen in Einpersonenhaushalten ist für mich,,"37,5%"
2022,4,2021,2021,0.300024432,Anteileinpersonenhh,Anteil Personen in Einpersonenhaushalten,13,Clara,19,Gesellschaft und Soziales,Der Anteil Personen in Einpersonenhaushalten ist für mich,Ein hoher Anteil Personen in Einpersonenhaushalten ist für mich,, 30%
2022,4,2021,2021,0.2731046931,Anteileinpersonenhh,Anteil Personen in Einpersonenhaushalten,14,Wettstein,14,Gesellschaft und Soziales,Der Anteil Personen in Einpersonenhaushalten ist für mich,Ein hoher Anteil Personen in Einpersonenhaushalten ist für mich,,"27,3%"
2022,4,2021,2021,0.1848263851,Anteileinpersonenhh,Anteil Personen in Einpersonenhaushalten,15,Hirzbrunnen,4,Gesellschaft und Soziales,Der Anteil Personen in Einpersonenhaushalten ist für mich,Ein hoher Anteil Personen in Einpersonenhaushalten ist für mich,,"18,5%"
2022,4,2021,2021,0.2210640314,Anteileinpersonenhh,Anteil Personen in Einpersonenhaushalten,16,Rosental,7,Gesellschaft und Soziales,Der Anteil Personen in Einpersonenhaushalten ist für mich,Ein hoher Anteil Personen in Einpersonenhaushalten ist für mich,,"22,1%"
2022,4,2021,2021,0.2714449619,Anteileinpersonenhh,Anteil Personen in Einpersonenhaushalten,17,Matthäus,12,Gesellschaft und Soziales,Der Anteil Personen in Einpersonenhaushalten ist für mich,Ein hoher Anteil Personen in Einpersonenhaushalten ist für mich,,"27,1%"
2022,4,2021,2021,0.2388235294,Anteileinpersonenhh,Anteil Personen in Einpersonenhaushalten,18,Klybeck,10,Gesellschaft und Soziales,Der Anteil Personen in Einpersonenhaushalten ist für mich,Ein hoher Anteil Personen in Einpersonenhaushalten ist für mich,,"23,9%"
2022,4,2021,2021,0.2008242788,Anteileinpersonenhh,Anteil Personen in Einpersonenhaushalten,19,Kleinhüningen,5,Gesellschaft und Soziales,Der Anteil Personen in Einpersonenhaushalten ist für mich,Ein hoher Anteil Personen in Einpersonenhaushalten ist für mich,,"20,1%"
2022,4,2021,2021,0.1657440573,Anteileinpersonenhh,Anteil Personen in Einpersonenhaushalten,20,Riehen,3,Gesellschaft und Soziales,Der Anteil Personen in Einpersonenhaushalten ist für mich,Ein hoher Anteil Personen in Einpersonenhaushalten ist für mich,,"16,6%"
2022,4,2021,2021,0.117545376,Anteileinpersonenhh,Anteil Personen in Einpersonenhaushalten,30,Bettingen,1,Gesellschaft und Soziales,Der Anteil Personen in Einpersonenhaushalten ist für mich,Ein hoher Anteil Personen in Einpersonenhaushalten ist für mich,,"11,8%"
2022,4,2021,2021,0.244,Anteileinpersonenhh,Anteil Personen in Einpersonenhaushalten,99,Kanton Basel-Stadt,11,Gesellschaft und Soziales,Der Anteil Personen in Einpersonenhaushalten ist für mich,Ein hoher Anteil Personen in Einpersonenhaushalten ist für mich,,"24,4%"
2022,5,2021,2021,0.5294,Gymnasialquote,Gymnasialquote,1,Altstadt Grossbasel,19,Gesellschaft und Soziales,Die Gymnasialquote ist für mich,Eine hohe Gymnasialquote ist für mich,,"52,9%"
2022,5,2021,2021,0.4167,Gymnasialquote,Gymnasialquote,2,Vorstädte,14,Gesellschaft und Soziales,Die Gymnasialquote ist für mich,Eine hohe Gymnasialquote ist für mich,,"41,7%"
2022,5,2021,2021,0.4727,Gymnasialquote,Gymnasialquote,3,Am Ring,16,Gesellschaft und Soziales,Die Gymnasialquote ist für mich,Eine hohe Gymnasialquote ist für mich,,"47,3%"
2022,5,2021,2021,0.2524,Gymnasialquote,Gymnasialquote,4,Breite,5,Gesellschaft und Soziales,Die Gymnasialquote ist für mich,Eine hohe Gymnasialquote ist für mich,,"25,2%"
2022,5,2021,2021,0.4351,Gymnasialquote,Gymnasialquote,5,St. Alban,15,Gesellschaft und Soziales,Die Gymnasialquote ist für mich,Eine hohe Gymnasialquote ist für mich,,"43,5%"
2022,5,2021,2021,0.2432,Gymnasialquote,Gymnasialquote,6,Gundeldingen,3,Gesellschaft und Soziales,Die Gymnasialquote ist für mich,Eine hohe Gymnasialquote ist für mich,,"24,3%"
2022,5,2021,2021,0.6139,Gymnasialquote,Gymnasialquote,7,Bruderholz,22,Gesellschaft und Soziales,Die Gymnasialquote ist für mich,Eine hohe Gymnasialquote ist für mich,,"61,4%"
2022,5,2021,2021,0.589,Gymnasialquote,Gymnasialquote,8,Bachletten,21,Gesellschaft und Soziales,Die Gymnasialquote ist für mich,Eine hohe Gymnasialquote ist für mich,,"58,9%"
2022,5,2021,2021,0.4865,Gymnasialquote,Gymnasialquote,9,Gotthelf,18,Gesellschaft und Soziales,Die Gymnasialquote ist für mich,Eine hohe Gymnasialquote ist für mich,,"48,6%"
2022,5,2021,2021,0.2614,Gymnasialquote,Gymnasialquote,10,Iselin,6,Gesellschaft und Soziales,Die Gymnasialquote ist für mich,Eine hohe Gymnasialquote ist für mich,,"26,1%"
2022,5,2021,2021,0.3169,Gymnasialquote,Gymnasialquote,11,St. Johann,10,Gesellschaft und Soziales,Die Gymnasialquote ist für mich,Eine hohe Gymnasialquote ist für mich,,"31,7%"
2022,5,2021,2021,0.2778,Gymnasialquote,Gymnasialquote,12,Altstadt Kleinbasel,8,Gesellschaft und Soziales,Die Gymnasialquote ist für mich,Eine hohe Gymnasialquote ist für mich,,"27,8%"
2022,5,2021,2021,0.25,Gymnasialquote,Gymnasialquote,13,Clara,4,Gesellschaft und Soziales,Die Gymnasialquote ist für mich,Eine hohe Gymnasialquote ist für mich,, 25%
2022,5,2021,2021,0.549,Gymnasialquote,Gymnasialquote,14,Wettstein,20,Gesellschaft und Soziales,Die Gymnasialquote ist für mich,Eine hohe Gymnasialquote ist für mich,,"54,9%"
2022,5,2021,2021,0.3631,Gymnasialquote,Gymnasialquote,15,Hirzbrunnen,11,Gesellschaft und Soziales,Die Gymnasialquote ist für mich,Eine hohe Gymnasialquote ist für mich,,"36,3%"
2022,5,2021,2021,0.2951,Gymnasialquote,Gymnasialquote,16,Rosental,9,Gesellschaft und Soziales,Die Gymnasialquote ist für mich,Eine hohe Gymnasialquote ist für mich,,"29,5%"
2022,5,2021,2021,0.2714,Gymnasialquote,Gymnasialquote,17,Matthäus,7,Gesellschaft und Soziales,Die Gymnasialquote ist für mich,Eine hohe Gymnasialquote ist für mich,,"27,1%"
2022,5,2021,2021,0.1417,Gymnasialquote,Gymnasialquote,18,Klybeck,1,Gesellschaft und Soziales,Die Gymnasialquote ist für mich,Eine hohe Gymnasialquote ist für mich,,"14,2%"
2022,5,2021,2021,0.2203,Gymnasialquote,Gymnasialquote,19,Kleinhüningen,2,Gesellschaft und Soziales,Die Gymnasialquote ist für mich,Eine hohe Gymnasialquote ist für mich,, 22%
2022,5,2021,2021,0.4802,Gymnasialquote,Gymnasialquote,20,Riehen,17,Gesellschaft und Soziales,Die Gymnasialquote ist für mich,Eine hohe Gymnasialquote ist für mich,, 48%
2022,5,2021,2021,0.3889,Gymnasialquote,Gymnasialquote,30,Bettingen,13,Gesellschaft und Soziales,Die Gymnasialquote ist für mich,Eine hohe Gymnasialquote ist für mich,,"38,9%"
2022,5,2021,2021,0.3798,Gymnasialquote,Gymnasialquote,99,Kanton Basel-Stadt,12,Gesellschaft und Soziales,Die Gymnasialquote ist für mich,Eine hohe Gymnasialquote ist für mich,, 38%
2022,6,2021,2021,0.2938005391,Altersquotient,Altersquotient,1,Altstadt Grossbasel,9,Gesellschaft und Soziales,Der Altersquotient ist für mich,Ein hoher Altersquotient ist für mich,,"0,294"
2022,6,2021,2021,0.3570099256,Altersquotient,Altersquotient,2,Vorstädte,16,Gesellschaft und Soziales,Der Altersquotient ist für mich,Ein hoher Altersquotient ist für mich,,"0,357"
2022,6,2021,2021,0.3100964805,Altersquotient,Altersquotient,3,Am Ring,12,Gesellschaft und Soziales,Der Altersquotient ist für mich,Ein hoher Altersquotient ist für mich,,"0,31"
2022,6,2021,2021,0.3253054101,Altersquotient,Altersquotient,4,Breite,14,Gesellschaft und Soziales,Der Altersquotient ist für mich,Ein hoher Altersquotient ist für mich,,"0,325"
2022,6,2021,2021,0.4066091954,Altersquotient,Altersquotient,5,St. Alban,18,Gesellschaft und Soziales,Der Altersquotient ist für mich,Ein hoher Altersquotient ist für mich,,"0,407"
2022,6,2021,2021,0.2283232628,Altersquotient,Altersquotient,6,Gundeldingen,4,Gesellschaft und Soziales,Der Altersquotient ist für mich,Ein hoher Altersquotient ist für mich,,"0,228"
2022,6,2021,2021,0.4198104082,Altersquotient,Altersquotient,7,Bruderholz,19,Gesellschaft und Soziales,Der Altersquotient ist für mich,Ein hoher Altersquotient ist für mich,,"0,42"
2022,6,2021,2021,0.367211503,Altersquotient,Altersquotient,8,Bachletten,17,Gesellschaft und Soziales,Der Altersquotient ist für mich,Ein hoher Altersquotient ist für mich,,"0,367"
2022,6,2021,2021,0.3509729473,Altersquotient,Altersquotient,9,Gotthelf,15,Gesellschaft und Soziales,Der Altersquotient ist für mich,Ein hoher Altersquotient ist für mich,,"0,351"
2022,6,2021,2021,0.2460906085,Altersquotient,Altersquotient,10,Iselin,6,Gesellschaft und Soziales,Der Altersquotient ist für mich,Ein hoher Altersquotient ist für mich,,"0,246"
2022,6,2021,2021,0.2326462923,Altersquotient,Altersquotient,11,St. Johann,5,Gesellschaft und Soziales,Der Altersquotient ist für mich,Ein hoher Altersquotient ist für mich,,"0,233"
2022,6,2021,2021,0.2833031947,Altersquotient,Altersquotient,12,Altstadt Kleinbasel,8,Gesellschaft und Soziales,Der Altersquotient ist für mich,Ein hoher Altersquotient ist für mich,,"0,283"
2022,6,2021,2021,0.3055459869,Altersquotient,Altersquotient,13,Clara,11,Gesellschaft und Soziales,Der Altersquotient ist für mich,Ein hoher Altersquotient ist für mich,,"0,306"
2022,6,2021,2021,0.2803738318,Altersquotient,Altersquotient,14,Wettstein,7,Gesellschaft und Soziales,Der Altersquotient ist für mich,Ein hoher Altersquotient ist für mich,,"0,28"
2022,6,2021,2021,0.4209208245,Altersquotient,Altersquotient,15,Hirzbrunnen,20,Gesellschaft und Soziales,Der Altersquotient ist für mich,Ein hoher Altersquotient ist für mich,,"0,421"
2022,6,2021,2021,0.13024201,Altersquotient,Altersquotient,16,Rosental,1,Gesellschaft und Soziales,Der Altersquotient ist für mich,Ein hoher Altersquotient ist für mich,,"0,13"
2022,6,2021,2021,0.1958054767,Altersquotient,Altersquotient,17,Matthäus,2,Gesellschaft und Soziales,Der Altersquotient ist für mich,Ein hoher Altersquotient ist für mich,,"0,196"
2022,6,2021,2021,0.2243975904,Altersquotient,Altersquotient,18,Klybeck,3,Gesellschaft und Soziales,Der Altersquotient ist für mich,Ein hoher Altersquotient ist für mich,,"0,224"
2022,6,2021,2021,0.3190220632,Altersquotient,Altersquotient,19,Kleinhüningen,13,Gesellschaft und Soziales,Der Altersquotient ist für mich,Ein hoher Altersquotient ist für mich,,"0,319"
2022,6,2021,2021,0.4775223061,Altersquotient,Altersquotient,20,Riehen,22,Gesellschaft und Soziales,Der Altersquotient ist für mich,Ein hoher Altersquotient ist für mich,,"0,478"
2022,6,2021,2021,0.4359351988,Altersquotient,Altersquotient,30,Bettingen,21,Gesellschaft und Soziales,Der Altersquotient ist für mich,Ein hoher Altersquotient ist für mich,,"0,436"
2022,6,2021,2021,0.303,Altersquotient,Altersquotient,99,Kanton Basel-Stadt,10,Gesellschaft und Soziales,Der Altersquotient ist für mich,Ein hoher Altersquotient ist für mich,,"0,303"
2022,7,2021,2021,0.2972122302,Anteilsesshafte,Anteil Sesshafte,1,Altstadt Grossbasel,5,Gesellschaft und Soziales,Der Anteil Sesshafte ist für mich,Ein hoher Anteil Sesshafte ist für mich,,"29,7%"
2022,7,2021,2021,0.2840585604,Anteilsesshafte,Anteil Sesshafte,2,Vorstädte,3,Gesellschaft und Soziales,Der Anteil Sesshafte ist für mich,Ein hoher Anteil Sesshafte ist für mich,,"28,4%"
2022,7,2021,2021,0.2936726884,Anteilsesshafte,Anteil Sesshafte,3,Am Ring,4,Gesellschaft und Soziales,Der Anteil Sesshafte ist für mich,Ein hoher Anteil Sesshafte ist für mich,,"29,4%"
2022,7,2021,2021,0.3426959955,Anteilsesshafte,Anteil Sesshafte,4,Breite,12,Gesellschaft und Soziales,Der Anteil Sesshafte ist für mich,Ein hoher Anteil Sesshafte ist für mich,,"34,3%"
2022,7,2021,2021,0.3169161301,Anteilsesshafte,Anteil Sesshafte,5,St. Alban,10,Gesellschaft und Soziales,Der Anteil Sesshafte ist für mich,Ein hoher Anteil Sesshafte ist für mich,,"31,7%"
2022,7,2021,2021,0.3137141047,Anteilsesshafte,Anteil Sesshafte,6,Gundeldingen,9,Gesellschaft und Soziales,Der Anteil Sesshafte ist für mich,Ein hoher Anteil Sesshafte ist für mich,,"31,4%"
2022,7,2021,2021,0.4327788961,Anteilsesshafte,Anteil Sesshafte,7,Bruderholz,22,Gesellschaft und Soziales,Der Anteil Sesshafte ist für mich,Ein hoher Anteil Sesshafte ist für mich,,"43,3%"
2022,7,2021,2021,0.4195150453,Anteilsesshafte,Anteil Sesshafte,8,Bachletten,20,Gesellschaft und Soziales,Der Anteil Sesshafte ist für mich,Ein hoher Anteil Sesshafte ist für mich,, 42%
2022,7,2021,2021,0.3714117474,Anteilsesshafte,Anteil Sesshafte,9,Gotthelf,16,Gesellschaft und Soziales,Der Anteil Sesshafte ist für mich,Ein hoher Anteil Sesshafte ist für mich,,"37,1%"
2022,7,2021,2021,0.338302548,Anteilsesshafte,Anteil Sesshafte,10,Iselin,11,Gesellschaft und Soziales,Der Anteil Sesshafte ist für mich,Ein hoher Anteil Sesshafte ist für mich,,"33,8%"
2022,7,2021,2021,0.3126440478,Anteilsesshafte,Anteil Sesshafte,11,St. Johann,8,Gesellschaft und Soziales,Der Anteil Sesshafte ist für mich,Ein hoher Anteil Sesshafte ist für mich,,"31,3%"
2022,7,2021,2021,0.2799661161,Anteilsesshafte,Anteil Sesshafte,12,Altstadt Kleinbasel,2,Gesellschaft und Soziales,Der Anteil Sesshafte ist für mich,Ein hoher Anteil Sesshafte ist für mich,, 28%
2022,7,2021,2021,0.3122265715,Anteilsesshafte,Anteil Sesshafte,13,Clara,7,Gesellschaft und Soziales,Der Anteil Sesshafte ist für mich,Ein hoher Anteil Sesshafte ist für mich,,"31,2%"
2022,7,2021,2021,0.3540038214,Anteilsesshafte,Anteil Sesshafte,14,Wettstein,15,Gesellschaft und Soziales,Der Anteil Sesshafte ist für mich,Ein hoher Anteil Sesshafte ist für mich,,"35,4%"
2022,7,2021,2021,0.3975607147,Anteilsesshafte,Anteil Sesshafte,15,Hirzbrunnen,18,Gesellschaft und Soziales,Der Anteil Sesshafte ist für mich,Ein hoher Anteil Sesshafte ist für mich,,"39,8%"
2022,7,2021,2021,0.1883714812,Anteilsesshafte,Anteil Sesshafte,16,Rosental,1,Gesellschaft und Soziales,Der Anteil Sesshafte ist für mich,Ein hoher Anteil Sesshafte ist für mich,,"18,8%"
2022,7,2021,2021,0.3115022245,Anteilsesshafte,Anteil Sesshafte,17,Matthäus,6,Gesellschaft und Soziales,Der Anteil Sesshafte ist für mich,Ein hoher Anteil Sesshafte ist für mich,,"31,2%"
2022,7,2021,2021,0.3455120829,Anteilsesshafte,Anteil Sesshafte,18,Klybeck,14,Gesellschaft und Soziales,Der Anteil Sesshafte ist für mich,Ein hoher Anteil Sesshafte ist für mich,,"34,6%"
2022,7,2021,2021,0.3826846126,Anteilsesshafte,Anteil Sesshafte,19,Kleinhüningen,17,Gesellschaft und Soziales,Der Anteil Sesshafte ist für mich,Ein hoher Anteil Sesshafte ist für mich,,"38,3%"
2022,7,2021,2021,0.4201115786,Anteilsesshafte,Anteil Sesshafte,20,Riehen,21,Gesellschaft und Soziales,Der Anteil Sesshafte ist für mich,Ein hoher Anteil Sesshafte ist für mich,, 42%
2022,7,2021,2021,0.4140435835,Anteilsesshafte,Anteil Sesshafte,30,Bettingen,19,Gesellschaft und Soziales,Der Anteil Sesshafte ist für mich,Ein hoher Anteil Sesshafte ist für mich,,"41,4%"
2022,7,2021,2021,0.344,Anteilsesshafte,Anteil Sesshafte,99,Kanton Basel-Stadt,13,Gesellschaft und Soziales,Der Anteil Sesshafte ist für mich,Ein hoher Anteil Sesshafte ist für mich,,"34,4%"
2022,8,2021,2021,0.1444743935,Jugendquotient,Jugendquotient,1,Altstadt Grossbasel,2,Gesellschaft und Soziales,Der Jugendquotient ist für mich,Ein hoher Jugendquotient ist für mich,,"0,144"
2022,8,2021,2021,0.1684243176,Jugendquotient,Jugendquotient,2,Vorstädte,3,Gesellschaft und Soziales,Der Jugendquotient ist für mich,Ein hoher Jugendquotient ist für mich,,"0,168"
2022,8,2021,2021,0.2208180459,Jugendquotient,Jugendquotient,3,Am Ring,8,Gesellschaft und Soziales,Der Jugendquotient ist für mich,Ein hoher Jugendquotient ist für mich,,"0,221"
2022,8,2021,2021,0.2218150087,Jugendquotient,Jugendquotient,4,Breite,9,Gesellschaft und Soziales,Der Jugendquotient ist für mich,Ein hoher Jugendquotient ist für mich,,"0,222"
2022,8,2021,2021,0.311637931,Jugendquotient,Jugendquotient,5,St. Alban,16,Gesellschaft und Soziales,Der Jugendquotient ist für mich,Ein hoher Jugendquotient ist für mich,,"0,312"
2022,8,2021,2021,0.2024924471,Jugendquotient,Jugendquotient,6,Gundeldingen,5,Gesellschaft und Soziales,Der Jugendquotient ist für mich,Ein hoher Jugendquotient ist für mich,,"0,202"
2022,8,2021,2021,0.406268137,Jugendquotient,Jugendquotient,7,Bruderholz,22,Gesellschaft und Soziales,Der Jugendquotient ist für mich,Ein hoher Jugendquotient ist für mich,,"0,406"
2022,8,2021,2021,0.3154725329,Jugendquotient,Jugendquotient,8,Bachletten,17,Gesellschaft und Soziales,Der Jugendquotient ist für mich,Ein hoher Jugendquotient ist für mich,,"0,315"
2022,8,2021,2021,0.2610346464,Jugendquotient,Jugendquotient,9,Gotthelf,12,Gesellschaft und Soziales,Der Jugendquotient ist für mich,Ein hoher Jugendquotient ist für mich,,"0,261"
2022,8,2021,2021,0.2584219462,Jugendquotient,Jugendquotient,10,Iselin,11,Gesellschaft und Soziales,Der Jugendquotient ist für mich,Ein hoher Jugendquotient ist für mich,,"0,258"
2022,8,2021,2021,0.2569691226,Jugendquotient,Jugendquotient,11,St. Johann,10,Gesellschaft und Soziales,Der Jugendquotient ist für mich,Ein hoher Jugendquotient ist für mich,,"0,257"
2022,8,2021,2021,0.1398432791,Jugendquotient,Jugendquotient,12,Altstadt Kleinbasel,1,Gesellschaft und Soziales,Der Jugendquotient ist für mich,Ein hoher Jugendquotient ist für mich,,"0,14"
2022,8,2021,2021,0.1904925939,Jugendquotient,Jugendquotient,13,Clara,4,Gesellschaft und Soziales,Der Jugendquotient ist für mich,Ein hoher Jugendquotient ist für mich,,"0,19"
2022,8,2021,2021,0.2141744548,Jugendquotient,Jugendquotient,14,Wettstein,7,Gesellschaft und Soziales,Der Jugendquotient ist für mich,Ein hoher Jugendquotient ist für mich,,"0,214"
2022,8,2021,2021,0.379695627,Jugendquotient,Jugendquotient,15,Hirzbrunnen,19,Gesellschaft und Soziales,Der Jugendquotient ist für mich,Ein hoher Jugendquotient ist für mich,,"0,38"
2022,8,2021,2021,0.2741548125,Jugendquotient,Jugendquotient,16,Rosental,15,Gesellschaft und Soziales,Der Jugendquotient ist für mich,Ein hoher Jugendquotient ist für mich,,"0,274"
2022,8,2021,2021,0.2085355802,Jugendquotient,Jugendquotient,17,Matthäus,6,Gesellschaft und Soziales,Der Jugendquotient ist für mich,Ein hoher Jugendquotient ist für mich,,"0,209"
2022,8,2021,2021,0.2712994836,Jugendquotient,Jugendquotient,18,Klybeck,14,Gesellschaft und Soziales,Der Jugendquotient ist für mich,Ein hoher Jugendquotient ist für mich,,"0,271"
2022,8,2021,2021,0.3202146691,Jugendquotient,Jugendquotient,19,Kleinhüningen,18,Gesellschaft und Soziales,Der Jugendquotient ist für mich,Ein hoher Jugendquotient ist für mich,,"0,32"
2022,8,2021,2021,0.3989361702,Jugendquotient,Jugendquotient,20,Riehen,21,Gesellschaft und Soziales,Der Jugendquotient ist für mich,Ein hoher Jugendquotient ist für mich,,"0,399"
2022,8,2021,2021,0.3961708395,Jugendquotient,Jugendquotient,30,Bettingen,20,Gesellschaft und Soziales,Der Jugendquotient ist für mich,Ein hoher Jugendquotient ist für mich,,"0,396"
2022,8,2021,2021,0.269,Jugendquotient,Jugendquotient,99,Kanton Basel-Stadt,13,Gesellschaft und Soziales,Der Jugendquotient ist für mich,Ein hoher Jugendquotient ist für mich,,"0,269"
2022,9,2021,2021,1822.777120315581,Baujahrwohngebaeude,Baujahr Wohngebäude,1,Altstadt Grossbasel,1,Raum und Umwelt,Das Baujahr der Wohngebäude ist für mich,Ein hohes Baujahr der Wohngebäude ist für mich,,1823
2022,9,2021,2021,1899.307129798903,Baujahrwohngebaeude,Baujahr Wohngebäude,2,Vorstädte,3,Raum und Umwelt,Das Baujahr der Wohngebäude ist für mich,Ein hohes Baujahr der Wohngebäude ist für mich,,1899
2022,9,2021,2021,1921.043771043771,Baujahrwohngebaeude,Baujahr Wohngebäude,3,Am Ring,4,Raum und Umwelt,Das Baujahr der Wohngebäude ist für mich,Ein hohes Baujahr der Wohngebäude ist für mich,,1921
2022,9,2021,2021,1941.696240601503,Baujahrwohngebaeude,Baujahr Wohngebäude,4,Breite,16,Raum und Umwelt,Das Baujahr der Wohngebäude ist für mich,Ein hohes Baujahr der Wohngebäude ist für mich,,1942
2022,9,2021,2021,1939.887123745819,Baujahrwohngebaeude,Baujahr Wohngebäude,5,St. Alban,15,Raum und Umwelt,Das Baujahr der Wohngebäude ist für mich,Ein hohes Baujahr der Wohngebäude ist für mich,,1940
2022,9,2021,2021,1933.022980501392,Baujahrwohngebaeude,Baujahr Wohngebäude,6,Gundeldingen,8,Raum und Umwelt,Das Baujahr der Wohngebäude ist für mich,Ein hohes Baujahr der Wohngebäude ist für mich,,1933
2022,9,2021,2021,1949.545064377682,Baujahrwohngebaeude,Baujahr Wohngebäude,7,Bruderholz,19,Raum und Umwelt,Das Baujahr der Wohngebäude ist für mich,Ein hohes Baujahr der Wohngebäude ist für mich,,1950
2022,9,2021,2021,1934.53250897487,Baujahrwohngebaeude,Baujahr Wohngebäude,8,Bachletten,11,Raum und Umwelt,Das Baujahr der Wohngebäude ist für mich,Ein hohes Baujahr der Wohngebäude ist für mich,,1935
2022,9,2021,2021,1925.378461538461,Baujahrwohngebaeude,Baujahr Wohngebäude,9,Gotthelf,5,Raum und Umwelt,Das Baujahr der Wohngebäude ist für mich,Ein hohes Baujahr der Wohngebäude ist für mich,,1925
2022,9,2021,2021,1937.937284631288,Baujahrwohngebaeude,Baujahr Wohngebäude,10,Iselin,14,Raum und Umwelt,Das Baujahr der Wohngebäude ist für mich,Ein hohes Baujahr der Wohngebäude ist für mich,,1938
2022,9,2021,2021,1933.761811023622,Baujahrwohngebaeude,Baujahr Wohngebäude,11,St. Johann,10,Raum und Umwelt,Das Baujahr der Wohngebäude ist für mich,Ein hohes Baujahr der Wohngebäude ist für mich,,1934
2022,9,2021,2021,1881.597902097902,Baujahrwohngebaeude,Baujahr Wohngebäude,12,Altstadt Kleinbasel,2,Raum und Umwelt,Das Baujahr der Wohngebäude ist für mich,Ein hohes Baujahr der Wohngebäude ist für mich,,1882
2022,9,2021,2021,1929.541832669322,Baujahrwohngebaeude,Baujahr Wohngebäude,13,Clara,7,Raum und Umwelt,Das Baujahr der Wohngebäude ist für mich,Ein hohes Baujahr der Wohngebäude ist für mich,,1930
2022,9,2021,2021,1933.523272214386,Baujahrwohngebaeude,Baujahr Wohngebäude,14,Wettstein,9,Raum und Umwelt,Das Baujahr der Wohngebäude ist für mich,Ein hohes Baujahr der Wohngebäude ist für mich,,1934
2022,9,2021,2021,1942.689265536723,Baujahrwohngebaeude,Baujahr Wohngebäude,15,Hirzbrunnen,17,Raum und Umwelt,Das Baujahr der Wohngebäude ist für mich,Ein hohes Baujahr der Wohngebäude ist für mich,,1943
2022,9,2021,2021,1951.102564102564,Baujahrwohngebaeude,Baujahr Wohngebäude,16,Rosental,20,Raum und Umwelt,Das Baujahr der Wohngebäude ist für mich,Ein hohes Baujahr der Wohngebäude ist für mich,,1951
2022,9,2021,2021,1925.528745644599,Baujahrwohngebaeude,Baujahr Wohngebäude,17,Matthäus,6,Raum und Umwelt,Das Baujahr der Wohngebäude ist für mich,Ein hohes Baujahr der Wohngebäude ist für mich,,1926
2022,9,2021,2021,1937.290993071593,Baujahrwohngebaeude,Baujahr Wohngebäude,18,Klybeck,13,Raum und Umwelt,Das Baujahr der Wohngebäude ist für mich,Ein hohes Baujahr der Wohngebäude ist für mich,,1937
2022,9,2021,2021,1948.082352941176,Baujahrwohngebaeude,Baujahr Wohngebäude,19,Kleinhüningen,18,Raum und Umwelt,Das Baujahr der Wohngebäude ist für mich,Ein hohes Baujahr der Wohngebäude ist für mich,,1948
2022,9,2021,2021,1958.95951417004,Baujahrwohngebaeude,Baujahr Wohngebäude,20,Riehen,21,Raum und Umwelt,Das Baujahr der Wohngebäude ist für mich,Ein hohes Baujahr der Wohngebäude ist für mich,,1959
2022,9,2021,2021,1965.137931034482,Baujahrwohngebaeude,Baujahr Wohngebäude,30,Bettingen,22,Raum und Umwelt,Das Baujahr der Wohngebäude ist für mich,Ein hohes Baujahr der Wohngebäude ist für mich,,1965
2022,9,2021,2021,1937.0,Baujahrwohngebaeude,Baujahr Wohngebäude,99,Kanton Basel-Stadt,12,Raum und Umwelt,Das Baujahr der Wohngebäude ist für mich,Ein hohes Baujahr der Wohngebäude ist für mich,,1937
2022,10,2021,2021,0.102564102564,Anteileinfhaeuser,Anteil Einfamilienhäuser,1,Altstadt Grossbasel,8,Raum und Umwelt,Der Anteil Einfamilienhäuser ist für mich,Ein hoher Anteil Einfamilienhäuser ist für mich,,"10,3%"
2022,10,2021,2021,0.07495429616,Anteileinfhaeuser,Anteil Einfamilienhäuser,2,Vorstädte,6,Raum und Umwelt,Der Anteil Einfamilienhäuser ist für mich,Ein hoher Anteil Einfamilienhäuser ist für mich,,"7,5%"
2022,10,2021,2021,0.194444444444,Anteileinfhaeuser,Anteil Einfamilienhäuser,3,Am Ring,12,Raum und Umwelt,Der Anteil Einfamilienhäuser ist für mich,Ein hoher Anteil Einfamilienhäuser ist für mich,,"19,4%"
2022,10,2021,2021,0.130827067669,Anteileinfhaeuser,Anteil Einfamilienhäuser,4,Breite,9,Raum und Umwelt,Der Anteil Einfamilienhäuser ist für mich,Ein hoher Anteil Einfamilienhäuser ist für mich,,"13,1%"
2022,10,2021,2021,0.335284280936,Anteileinfhaeuser,Anteil Einfamilienhäuser,5,St. Alban,15,Raum und Umwelt,Der Anteil Einfamilienhäuser ist für mich,Ein hoher Anteil Einfamilienhäuser ist für mich,,"33,5%"
2022,10,2021,2021,0.028551532033,Anteileinfhaeuser,Anteil Einfamilienhäuser,6,Gundeldingen,2,Raum und Umwelt,Der Anteil Einfamilienhäuser ist für mich,Ein hoher Anteil Einfamilienhäuser ist für mich,,"2,86%"
2022,10,2021,2021,0.728659990462,Anteileinfhaeuser,Anteil Einfamilienhäuser,7,Bruderholz,21,Raum und Umwelt,Der Anteil Einfamilienhäuser ist für mich,Ein hoher Anteil Einfamilienhäuser ist für mich,,"72,9%"
2022,10,2021,2021,0.557239728759,Anteileinfhaeuser,Anteil Einfamilienhäuser,8,Bachletten,18,Raum und Umwelt,Der Anteil Einfamilienhäuser ist für mich,Ein hoher Anteil Einfamilienhäuser ist für mich,,"55,7%"
2022,10,2021,2021,0.368205128205,Anteileinfhaeuser,Anteil Einfamilienhäuser,9,Gotthelf,16,Raum und Umwelt,Der Anteil Einfamilienhäuser ist für mich,Ein hoher Anteil Einfamilienhäuser ist für mich,,"36,8%"
2022,10,2021,2021,0.165403170227,Anteileinfhaeuser,Anteil Einfamilienhäuser,10,Iselin,11,Raum und Umwelt,Der Anteil Einfamilienhäuser ist für mich,Ein hoher Anteil Einfamilienhäuser ist für mich,,"16,5%"
2022,10,2021,2021,0.246719160104,Anteileinfhaeuser,Anteil Einfamilienhäuser,11,St. Johann,13,Raum und Umwelt,Der Anteil Einfamilienhäuser ist für mich,Ein hoher Anteil Einfamilienhäuser ist für mich,,"24,7%"
2022,10,2021,2021,0.097902097902,Anteileinfhaeuser,Anteil Einfamilienhäuser,12,Altstadt Kleinbasel,7,Raum und Umwelt,Der Anteil Einfamilienhäuser ist für mich,Ein hoher Anteil Einfamilienhäuser ist für mich,,"9,79%"
2022,10,2021,2021,0.019920318725,Anteileinfhaeuser,Anteil Einfamilienhäuser,13,Clara,1,Raum und Umwelt,Der Anteil Einfamilienhäuser ist für mich,Ein hoher Anteil Einfamilienhäuser ist für mich,,"1,99%"
2022,10,2021,2021,0.332863187588,Anteileinfhaeuser,Anteil Einfamilienhäuser,14,Wettstein,14,Raum und Umwelt,Der Anteil Einfamilienhäuser ist für mich,Ein hoher Anteil Einfamilienhäuser ist für mich,,"33,3%"
2022,10,2021,2021,0.692404268675,Anteileinfhaeuser,Anteil Einfamilienhäuser,15,Hirzbrunnen,20,Raum und Umwelt,Der Anteil Einfamilienhäuser ist für mich,Ein hoher Anteil Einfamilienhäuser ist für mich,,"69,2%"
2022,10,2021,2021,0.067307692307,Anteileinfhaeuser,Anteil Einfamilienhäuser,16,Rosental,3,Raum und Umwelt,Der Anteil Einfamilienhäuser ist für mich,Ein hoher Anteil Einfamilienhäuser ist für mich,,"6,73%"
2022,10,2021,2021,0.067944250871,Anteileinfhaeuser,Anteil Einfamilienhäuser,17,Matthäus,4,Raum und Umwelt,Der Anteil Einfamilienhäuser ist für mich,Ein hoher Anteil Einfamilienhäuser ist für mich,,"6,79%"
2022,10,2021,2021,0.071593533487,Anteileinfhaeuser,Anteil Einfamilienhäuser,18,Klybeck,5,Raum und Umwelt,Der Anteil Einfamilienhäuser ist für mich,Ein hoher Anteil Einfamilienhäuser ist für mich,,"7,16%"
2022,10,2021,2021,0.15294117647,Anteileinfhaeuser,Anteil Einfamilienhäuser,19,Kleinhüningen,10,Raum und Umwelt,Der Anteil Einfamilienhäuser ist für mich,Ein hoher Anteil Einfamilienhäuser ist für mich,,"15,3%"
2022,10,2021,2021,0.656823053107,Anteileinfhaeuser,Anteil Einfamilienhäuser,20,Riehen,19,Raum und Umwelt,Der Anteil Einfamilienhäuser ist für mich,Ein hoher Anteil Einfamilienhäuser ist für mich,,"65,7%"
2022,10,2021,2021,0.783699059561,Anteileinfhaeuser,Anteil Einfamilienhäuser,30,Bettingen,22,Raum und Umwelt,Der Anteil Einfamilienhäuser ist für mich,Ein hoher Anteil Einfamilienhäuser ist für mich,,"78,4%"
2022,10,2021,2021,0.395,Anteileinfhaeuser,Anteil Einfamilienhäuser,99,Kanton Basel-Stadt,17,Raum und Umwelt,Der Anteil Einfamilienhäuser ist für mich,Ein hoher Anteil Einfamilienhäuser ist für mich,,"39,5%"
2022,11,2021,2021,0.067,Gruenflaechenanteil,Anteil Grünfläche,1,Altstadt Grossbasel,1,Raum und Umwelt,Der Anteil Grünfläche ist für mich,Ein hoher Anteil Grünfläche ist für mich,,"6,7%"
2022,11,2021,2021,0.196,Gruenflaechenanteil,Anteil Grünfläche,2,Vorstädte,8,Raum und Umwelt,Der Anteil Grünfläche ist für mich,Ein hoher Anteil Grünfläche ist für mich,,"19,6%"
2022,11,2021,2021,0.246,Gruenflaechenanteil,Anteil Grünfläche,3,Am Ring,10,Raum und Umwelt,Der Anteil Grünfläche ist für mich,Ein hoher Anteil Grünfläche ist für mich,,"24,6%"
2022,11,2021,2021,0.362,Gruenflaechenanteil,Anteil Grünfläche,4,Breite,15,Raum und Umwelt,Der Anteil Grünfläche ist für mich,Ein hoher Anteil Grünfläche ist für mich,,"36,2%"
2022,11,2021,2021,0.324,Gruenflaechenanteil,Anteil Grünfläche,5,St. Alban,13,Raum und Umwelt,Der Anteil Grünfläche ist für mich,Ein hoher Anteil Grünfläche ist für mich,,"32,4%"
2022,11,2021,2021,0.178,Gruenflaechenanteil,Anteil Grünfläche,6,Gundeldingen,7,Raum und Umwelt,Der Anteil Grünfläche ist für mich,Ein hoher Anteil Grünfläche ist für mich,,"17,8%"
2022,11,2021,2021,0.711,Gruenflaechenanteil,Anteil Grünfläche,7,Bruderholz,20,Raum und Umwelt,Der Anteil Grünfläche ist für mich,Ein hoher Anteil Grünfläche ist für mich,,"71,1%"
2022,11,2021,2021,0.421,Gruenflaechenanteil,Anteil Grünfläche,8,Bachletten,17,Raum und Umwelt,Der Anteil Grünfläche ist für mich,Ein hoher Anteil Grünfläche ist für mich,,"42,1%"
2022,11,2021,2021,0.324,Gruenflaechenanteil,Anteil Grünfläche,9,Gotthelf,13,Raum und Umwelt,Der Anteil Grünfläche ist für mich,Ein hoher Anteil Grünfläche ist für mich,,"32,4%"
2022,11,2021,2021,0.365,Gruenflaechenanteil,Anteil Grünfläche,10,Iselin,16,Raum und Umwelt,Der Anteil Grünfläche ist für mich,Ein hoher Anteil Grünfläche ist für mich,,"36,5%"
2022,11,2021,2021,0.287,Gruenflaechenanteil,Anteil Grünfläche,11,St. Johann,12,Raum und Umwelt,Der Anteil Grünfläche ist für mich,Ein hoher Anteil Grünfläche ist für mich,,"28,7%"
2022,11,2021,2021,0.08,Gruenflaechenanteil,Anteil Grünfläche,12,Altstadt Kleinbasel,2,Raum und Umwelt,Der Anteil Grünfläche ist für mich,Ein hoher Anteil Grünfläche ist für mich,,  8%
2022,11,2021,2021,0.161,Gruenflaechenanteil,Anteil Grünfläche,13,Clara,5,Raum und Umwelt,Der Anteil Grünfläche ist für mich,Ein hoher Anteil Grünfläche ist für mich,,"16,1%"
2022,11,2021,2021,0.282,Gruenflaechenanteil,Anteil Grünfläche,14,Wettstein,11,Raum und Umwelt,Der Anteil Grünfläche ist für mich,Ein hoher Anteil Grünfläche ist für mich,,"28,2%"
2022,11,2021,2021,0.598,Gruenflaechenanteil,Anteil Grünfläche,15,Hirzbrunnen,19,Raum und Umwelt,Der Anteil Grünfläche ist für mich,Ein hoher Anteil Grünfläche ist für mich,,"59,8%"
2022,11,2021,2021,0.157,Gruenflaechenanteil,Anteil Grünfläche,16,Rosental,4,Raum und Umwelt,Der Anteil Grünfläche ist für mich,Ein hoher Anteil Grünfläche ist für mich,,"15,7%"
2022,11,2021,2021,0.171,Gruenflaechenanteil,Anteil Grünfläche,17,Matthäus,6,Raum und Umwelt,Der Anteil Grünfläche ist für mich,Ein hoher Anteil Grünfläche ist für mich,,"17,1%"
2022,11,2021,2021,0.124,Gruenflaechenanteil,Anteil Grünfläche,18,Klybeck,3,Raum und Umwelt,Der Anteil Grünfläche ist für mich,Ein hoher Anteil Grünfläche ist für mich,,"12,4%"
2022,11,2021,2021,0.225,Gruenflaechenanteil,Anteil Grünfläche,19,Kleinhüningen,9,Raum und Umwelt,Der Anteil Grünfläche ist für mich,Ein hoher Anteil Grünfläche ist für mich,,"22,5%"
2022,11,2021,2021,0.792,Gruenflaechenanteil,Anteil Grünfläche,20,Riehen,21,Raum und Umwelt,Der Anteil Grünfläche ist für mich,Ein hoher Anteil Grünfläche ist für mich,,"79,2%"
2022,11,2021,2021,0.902,Gruenflaechenanteil,Anteil Grünfläche,30,Bettingen,22,Raum und Umwelt,Der Anteil Grünfläche ist für mich,Ein hoher Anteil Grünfläche ist für mich,,"90,2%"
2022,11,2021,2021,0.526,Gruenflaechenanteil,Anteil Grünfläche,99,Kanton Basel-Stadt,18,Raum und Umwelt,Der Anteil Grünfläche ist für mich,Ein hoher Anteil Grünfläche ist für mich,,"52,6%"
2022,12,2021,2021,87.574062,Flaecheprowohnung,Fläche pro Wohnung,1,Altstadt Grossbasel,17,Raum und Umwelt,Die Fläche pro Wohnung ist für mich,Eine hohe Fläche pro Wohnung ist für mich,m²,"87,6 m²"
2022,12,2021,2021,82.364532,Flaecheprowohnung,Fläche pro Wohnung,2,Vorstädte,15,Raum und Umwelt,Die Fläche pro Wohnung ist für mich,Eine hohe Fläche pro Wohnung ist für mich,m²,"82,4 m²"
2022,12,2021,2021,81.898351,Flaecheprowohnung,Fläche pro Wohnung,3,Am Ring,14,Raum und Umwelt,Die Fläche pro Wohnung ist für mich,Eine hohe Fläche pro Wohnung ist für mich,m²,"81,9 m²"
2022,12,2021,2021,70.289537,Flaecheprowohnung,Fläche pro Wohnung,4,Breite,7,Raum und Umwelt,Die Fläche pro Wohnung ist für mich,Eine hohe Fläche pro Wohnung ist für mich,m²,"70,3 m²"
2022,12,2021,2021,90.787373,Flaecheprowohnung,Fläche pro Wohnung,5,St. Alban,18,Raum und Umwelt,Die Fläche pro Wohnung ist für mich,Eine hohe Fläche pro Wohnung ist für mich,m²,"90,8 m²"
2022,12,2021,2021,70.142191,Flaecheprowohnung,Fläche pro Wohnung,6,Gundeldingen,6,Raum und Umwelt,Die Fläche pro Wohnung ist für mich,Eine hohe Fläche pro Wohnung ist für mich,m²,"70,1 m²"
2022,12,2021,2021,109.416592,Flaecheprowohnung,Fläche pro Wohnung,7,Bruderholz,21,Raum und Umwelt,Die Fläche pro Wohnung ist für mich,Eine hohe Fläche pro Wohnung ist für mich,m²,"109,4 m²"
2022,12,2021,2021,92.607904,Flaecheprowohnung,Fläche pro Wohnung,8,Bachletten,19,Raum und Umwelt,Die Fläche pro Wohnung ist für mich,Eine hohe Fläche pro Wohnung ist für mich,m²,"92,6 m²"
2022,12,2021,2021,74.358962,Flaecheprowohnung,Fläche pro Wohnung,9,Gotthelf,11,Raum und Umwelt,Die Fläche pro Wohnung ist für mich,Eine hohe Fläche pro Wohnung ist für mich,m²,"74,4 m²"
2022,12,2021,2021,68.689253,Flaecheprowohnung,Fläche pro Wohnung,10,Iselin,4,Raum und Umwelt,Die Fläche pro Wohnung ist für mich,Eine hohe Fläche pro Wohnung ist für mich,m²,"68,7 m²"
2022,12,2021,2021,72.069619,Flaecheprowohnung,Fläche pro Wohnung,11,St. Johann,10,Raum und Umwelt,Die Fläche pro Wohnung ist für mich,Eine hohe Fläche pro Wohnung ist für mich,m²,"72,1 m²"
2022,12,2021,2021,70.800242,Flaecheprowohnung,Fläche pro Wohnung,12,Altstadt Kleinbasel,9,Raum und Umwelt,Die Fläche pro Wohnung ist für mich,Eine hohe Fläche pro Wohnung ist für mich,m²,"70,8 m²"
2022,12,2021,2021,66.476753,Flaecheprowohnung,Fläche pro Wohnung,13,Clara,2,Raum und Umwelt,Die Fläche pro Wohnung ist für mich,Eine hohe Fläche pro Wohnung ist für mich,m²,"66,5 m²"
2022,12,2021,2021,82.938168,Flaecheprowohnung,Fläche pro Wohnung,14,Wettstein,16,Raum und Umwelt,Die Fläche pro Wohnung ist für mich,Eine hohe Fläche pro Wohnung ist für mich,m²,"82,9 m²"
2022,12,2021,2021,81.69519,Flaecheprowohnung,Fläche pro Wohnung,15,Hirzbrunnen,13,Raum und Umwelt,Die Fläche pro Wohnung ist für mich,Eine hohe Fläche pro Wohnung ist für mich,m²,"81,7 m²"
2022,12,2021,2021,70.538499,Flaecheprowohnung,Fläche pro Wohnung,16,Rosental,8,Raum und Umwelt,Die Fläche pro Wohnung ist für mich,Eine hohe Fläche pro Wohnung ist für mich,m²,"70,5 m²"
2022,12,2021,2021,67.359025,Flaecheprowohnung,Fläche pro Wohnung,17,Matthäus,3,Raum und Umwelt,Die Fläche pro Wohnung ist für mich,Eine hohe Fläche pro Wohnung ist für mich,m²,"67,4 m²"
2022,12,2021,2021,65.233176,Flaecheprowohnung,Fläche pro Wohnung,18,Klybeck,1,Raum und Umwelt,Die Fläche pro Wohnung ist für mich,Eine hohe Fläche pro Wohnung ist für mich,m²,"65,2 m²"
2022,12,2021,2021,69.783132,Flaecheprowohnung,Fläche pro Wohnung,19,Kleinhüningen,5,Raum und Umwelt,Die Fläche pro Wohnung ist für mich,Eine hohe Fläche pro Wohnung ist für mich,m²,"69,8 m²"
2022,12,2021,2021,102.556069,Flaecheprowohnung,Fläche pro Wohnung,20,Riehen,20,Raum und Umwelt,Die Fläche pro Wohnung ist für mich,Eine hohe Fläche pro Wohnung ist für mich,m²,"102,6 m²"
2022,12,2021,2021,121.346441,Flaecheprowohnung,Fläche pro Wohnung,30,Bettingen,22,Raum und Umwelt,Die Fläche pro Wohnung ist für mich,Eine hohe Fläche pro Wohnung ist für mich,m²,"121,3 m²"
2022,12,2021,2021,79.6,Flaecheprowohnung,Fläche pro Wohnung,99,Kanton Basel-Stadt,12,Raum und Umwelt,Die Fläche pro Wohnung ist für mich,Eine hohe Fläche pro Wohnung ist für mich,m²,"79,6 m²"
2022,13,2021,2021,53.23327,Wohnflaecheprokopf,Wohnfläche pro Kopf,1,Altstadt Grossbasel,22,Raum und Umwelt,Die Wohnfäche pro Kopf ist für mich,Eine hohe Wohnfäche pro Kopf ist für mich,m²,"53,2 m²"
2022,13,2021,2021,50.609808,Wohnflaecheprokopf,Wohnfläche pro Kopf,2,Vorstädte,20,Raum und Umwelt,Die Wohnfäche pro Kopf ist für mich,Eine hohe Wohnfäche pro Kopf ist für mich,m²,"50,6 m²"
2022,13,2021,2021,45.038361,Wohnflaecheprokopf,Wohnfläche pro Kopf,3,Am Ring,14,Raum und Umwelt,Die Wohnfäche pro Kopf ist für mich,Eine hohe Wohnfäche pro Kopf ist für mich,m²,"45,0 m²"
2022,13,2021,2021,39.268261,Wohnflaecheprokopf,Wohnfläche pro Kopf,4,Breite,9,Raum und Umwelt,Die Wohnfäche pro Kopf ist für mich,Eine hohe Wohnfäche pro Kopf ist für mich,m²,"39,3 m²"
2022,13,2021,2021,47.712836,Wohnflaecheprokopf,Wohnfläche pro Kopf,5,St. Alban,18,Raum und Umwelt,Die Wohnfäche pro Kopf ist für mich,Eine hohe Wohnfäche pro Kopf ist für mich,m²,"47,7 m²"
2022,13,2021,2021,39.333333,Wohnflaecheprokopf,Wohnfläche pro Kopf,6,Gundeldingen,10,Raum und Umwelt,Die Wohnfäche pro Kopf ist für mich,Eine hohe Wohnfäche pro Kopf ist für mich,m²,"39,3 m²"
2022,13,2021,2021,48.437175,Wohnflaecheprokopf,Wohnfläche pro Kopf,7,Bruderholz,19,Raum und Umwelt,Die Wohnfäche pro Kopf ist für mich,Eine hohe Wohnfäche pro Kopf ist für mich,m²,"48,4 m²"
2022,13,2021,2021,46.279114,Wohnflaecheprokopf,Wohnfläche pro Kopf,8,Bachletten,16,Raum und Umwelt,Die Wohnfäche pro Kopf ist für mich,Eine hohe Wohnfäche pro Kopf ist für mich,m²,"46,3 m²"
2022,13,2021,2021,41.908723,Wohnflaecheprokopf,Wohnfläche pro Kopf,9,Gotthelf,12,Raum und Umwelt,Die Wohnfäche pro Kopf ist für mich,Eine hohe Wohnfäche pro Kopf ist für mich,m²,"41,9 m²"
2022,13,2021,2021,37.379916,Wohnflaecheprokopf,Wohnfläche pro Kopf,10,Iselin,6,Raum und Umwelt,Die Wohnfäche pro Kopf ist für mich,Eine hohe Wohnfäche pro Kopf ist für mich,m²,"37,4 m²"
2022,13,2021,2021,36.873281,Wohnflaecheprokopf,Wohnfläche pro Kopf,11,St. Johann,5,Raum und Umwelt,Die Wohnfäche pro Kopf ist für mich,Eine hohe Wohnfäche pro Kopf ist für mich,m²,"36,9 m²"
2022,13,2021,2021,44.343848,Wohnflaecheprokopf,Wohnfläche pro Kopf,12,Altstadt Kleinbasel,13,Raum und Umwelt,Die Wohnfäche pro Kopf ist für mich,Eine hohe Wohnfäche pro Kopf ist für mich,m²,"44,3 m²"
2022,13,2021,2021,37.607867,Wohnflaecheprokopf,Wohnfläche pro Kopf,13,Clara,7,Raum und Umwelt,Die Wohnfäche pro Kopf ist für mich,Eine hohe Wohnfäche pro Kopf ist für mich,m²,"37,6 m²"
2022,13,2021,2021,45.806859,Wohnflaecheprokopf,Wohnfläche pro Kopf,14,Wettstein,15,Raum und Umwelt,Die Wohnfäche pro Kopf ist für mich,Eine hohe Wohnfäche pro Kopf ist für mich,m²,"45,8 m²"
2022,13,2021,2021,39.005769,Wohnflaecheprokopf,Wohnfläche pro Kopf,15,Hirzbrunnen,8,Raum und Umwelt,Die Wohnfäche pro Kopf ist für mich,Eine hohe Wohnfäche pro Kopf ist für mich,m²,"39,0 m²"
2022,13,2021,2021,34.681738,Wohnflaecheprokopf,Wohnfläche pro Kopf,16,Rosental,3,Raum und Umwelt,Die Wohnfäche pro Kopf ist für mich,Eine hohe Wohnfäche pro Kopf ist für mich,m²,"34,7 m²"
2022,13,2021,2021,36.416751,Wohnflaecheprokopf,Wohnfläche pro Kopf,17,Matthäus,4,Raum und Umwelt,Die Wohnfäche pro Kopf ist für mich,Eine hohe Wohnfäche pro Kopf ist für mich,m²,"36,4 m²"
2022,13,2021,2021,32.689705,Wohnflaecheprokopf,Wohnfläche pro Kopf,18,Klybeck,1,Raum und Umwelt,Die Wohnfäche pro Kopf ist für mich,Eine hohe Wohnfäche pro Kopf ist für mich,m²,"32,7 m²"
2022,13,2021,2021,33.034844,Wohnflaecheprokopf,Wohnfläche pro Kopf,19,Kleinhüningen,2,Raum und Umwelt,Die Wohnfäche pro Kopf ist für mich,Eine hohe Wohnfäche pro Kopf ist für mich,m²,"33,0 m²"
2022,13,2021,2021,47.348309,Wohnflaecheprokopf,Wohnfläche pro Kopf,20,Riehen,17,Raum und Umwelt,Die Wohnfäche pro Kopf ist für mich,Eine hohe Wohnfäche pro Kopf ist für mich,m²,"47,3 m²"
2022,13,2021,2021,51.850475,Wohnflaecheprokopf,Wohnfläche pro Kopf,30,Bettingen,21,Raum und Umwelt,Die Wohnfäche pro Kopf ist für mich,Eine hohe Wohnfäche pro Kopf ist für mich,m²,"51,9 m²"
2022,13,2021,2021,41.6,Wohnflaecheprokopf,Wohnfläche pro Kopf,99,Kanton Basel-Stadt,11,Raum und Umwelt,Die Wohnfäche pro Kopf ist für mich,Eine hohe Wohnfäche pro Kopf ist für mich,m²,"41,6 m²"
2022,14,2019,2019,5768.8,Vermoegenssteuer,Vermögenssteuer,1,Altstadt Grossbasel,18,Wirtschaft und Arbeit,Die Vermögenssteuer ist für mich,Eine hohe Vermögenssteuer ist für mich,Fr.,5 769 Fr.
2022,14,2019,2019,17513.1,Vermoegenssteuer,Vermögenssteuer,2,Vorstädte,21,Wirtschaft und Arbeit,Die Vermögenssteuer ist für mich,Eine hohe Vermögenssteuer ist für mich,Fr.,17 513 Fr.
2022,14,2019,2019,2376.6,Vermoegenssteuer,Vermögenssteuer,3,Am Ring,14,Wirtschaft und Arbeit,Die Vermögenssteuer ist für mich,Eine hohe Vermögenssteuer ist für mich,Fr.,2 377 Fr.
2022,14,2019,2019,607.3,Vermoegenssteuer,Vermögenssteuer,4,Breite,5,Wirtschaft und Arbeit,Die Vermögenssteuer ist für mich,Eine hohe Vermögenssteuer ist für mich,Fr.,607 Fr.
2022,14,2019,2019,6100.5,Vermoegenssteuer,Vermögenssteuer,5,St. Alban,19,Wirtschaft und Arbeit,Die Vermögenssteuer ist für mich,Eine hohe Vermögenssteuer ist für mich,Fr.,6 100 Fr.
2022,14,2019,2019,641.6,Vermoegenssteuer,Vermögenssteuer,6,Gundeldingen,7,Wirtschaft und Arbeit,Die Vermögenssteuer ist für mich,Eine hohe Vermögenssteuer ist für mich,Fr.,642 Fr.
2022,14,2019,2019,16656.1,Vermoegenssteuer,Vermögenssteuer,7,Bruderholz,20,Wirtschaft und Arbeit,Die Vermögenssteuer ist für mich,Eine hohe Vermögenssteuer ist für mich,Fr.,16 656 Fr.
2022,14,2019,2019,2359.1,Vermoegenssteuer,Vermögenssteuer,8,Bachletten,13,Wirtschaft und Arbeit,Die Vermögenssteuer ist für mich,Eine hohe Vermögenssteuer ist für mich,Fr.,2 359 Fr.
2022,14,2019,2019,3596.8,Vermoegenssteuer,Vermögenssteuer,9,Gotthelf,16,Wirtschaft und Arbeit,Die Vermögenssteuer ist für mich,Eine hohe Vermögenssteuer ist für mich,Fr.,3 597 Fr.
2022,14,2019,2019,512.1,Vermoegenssteuer,Vermögenssteuer,10,Iselin,4,Wirtschaft und Arbeit,Die Vermögenssteuer ist für mich,Eine hohe Vermögenssteuer ist für mich,Fr.,512 Fr.
2022,14,2019,2019,630.8,Vermoegenssteuer,Vermögenssteuer,11,St. Johann,6,Wirtschaft und Arbeit,Die Vermögenssteuer ist für mich,Eine hohe Vermögenssteuer ist für mich,Fr.,631 Fr.
2022,14,2019,2019,2095.8,Vermoegenssteuer,Vermögenssteuer,12,Altstadt Kleinbasel,12,Wirtschaft und Arbeit,Die Vermögenssteuer ist für mich,Eine hohe Vermögenssteuer ist für mich,Fr.,2 096 Fr.
2022,14,2019,2019,822.0,Vermoegenssteuer,Vermögenssteuer,13,Clara,10,Wirtschaft und Arbeit,Die Vermögenssteuer ist für mich,Eine hohe Vermögenssteuer ist für mich,Fr.,822 Fr.
2022,14,2019,2019,1534.6,Vermoegenssteuer,Vermögenssteuer,14,Wettstein,11,Wirtschaft und Arbeit,Die Vermögenssteuer ist für mich,Eine hohe Vermögenssteuer ist für mich,Fr.,1 535 Fr.
2022,14,2019,2019,715.6,Vermoegenssteuer,Vermögenssteuer,15,Hirzbrunnen,9,Wirtschaft und Arbeit,Die Vermögenssteuer ist für mich,Eine hohe Vermögenssteuer ist für mich,Fr.,716 Fr.
2022,14,2019,2019,289.9,Vermoegenssteuer,Vermögenssteuer,16,Rosental,3,Wirtschaft und Arbeit,Die Vermögenssteuer ist für mich,Eine hohe Vermögenssteuer ist für mich,Fr.,290 Fr.
2022,14,2019,2019,671.9,Vermoegenssteuer,Vermögenssteuer,17,Matthäus,8,Wirtschaft und Arbeit,Die Vermögenssteuer ist für mich,Eine hohe Vermögenssteuer ist für mich,Fr.,672 Fr.
2022,14,2019,2019,194.2,Vermoegenssteuer,Vermögenssteuer,18,Klybeck,1,Wirtschaft und Arbeit,Die Vermögenssteuer ist für mich,Eine hohe Vermögenssteuer ist für mich,Fr.,194 Fr.
2022,14,2019,2019,248.4,Vermoegenssteuer,Vermögenssteuer,19,Kleinhüningen,2,Wirtschaft und Arbeit,Die Vermögenssteuer ist für mich,Eine hohe Vermögenssteuer ist für mich,Fr.,248 Fr.
2022,14,2019,2019,3642.6,Vermoegenssteuer,Vermögenssteuer,20,Riehen,17,Wirtschaft und Arbeit,Die Vermögenssteuer ist für mich,Eine hohe Vermögenssteuer ist für mich,Fr.,3 643 Fr.
2022,14,2019,2019,20515.4,Vermoegenssteuer,Vermögenssteuer,30,Bettingen,22,Wirtschaft und Arbeit,Die Vermögenssteuer ist für mich,Eine hohe Vermögenssteuer ist für mich,Fr.,20 515 Fr.
2022,14,2019,2019,2918.0,Vermoegenssteuer,Vermögenssteuer,99,Kanton Basel-Stadt,15,Wirtschaft und Arbeit,Die Vermögenssteuer ist für mich,Eine hohe Vermögenssteuer ist für mich,Fr.,2 918 Fr.
2022,15,2019,2019,17646.9,Einkommenssteuer,Einkommenssteuer,1,Altstadt Grossbasel,19,Wirtschaft und Arbeit,Die Einkommenssteuer ist für mich,Eine hohe Einkommenssteuer ist für mich,Fr.,17 647 Fr.
2022,15,2019,2019,22365.0,Einkommenssteuer,Einkommenssteuer,2,Vorstädte,21,Wirtschaft und Arbeit,Die Einkommenssteuer ist für mich,Eine hohe Einkommenssteuer ist für mich,Fr.,22 365 Fr.
2022,15,2019,2019,12601.5,Einkommenssteuer,Einkommenssteuer,3,Am Ring,16,Wirtschaft und Arbeit,Die Einkommenssteuer ist für mich,Eine hohe Einkommenssteuer ist für mich,Fr.,12 602 Fr.
2022,15,2019,2019,7554.3,Einkommenssteuer,Einkommenssteuer,4,Breite,8,Wirtschaft und Arbeit,Die Einkommenssteuer ist für mich,Eine hohe Einkommenssteuer ist für mich,Fr.,7 554 Fr.
2022,15,2019,2019,17111.7,Einkommenssteuer,Einkommenssteuer,5,St. Alban,18,Wirtschaft und Arbeit,Die Einkommenssteuer ist für mich,Eine hohe Einkommenssteuer ist für mich,Fr.,17 112 Fr.
2022,15,2019,2019,7882.8,Einkommenssteuer,Einkommenssteuer,6,Gundeldingen,9,Wirtschaft und Arbeit,Die Einkommenssteuer ist für mich,Eine hohe Einkommenssteuer ist für mich,Fr.,7 883 Fr.
2022,15,2019,2019,19997.7,Einkommenssteuer,Einkommenssteuer,7,Bruderholz,20,Wirtschaft und Arbeit,Die Einkommenssteuer ist für mich,Eine hohe Einkommenssteuer ist für mich,Fr.,19 998 Fr.
2022,15,2019,2019,11864.2,Einkommenssteuer,Einkommenssteuer,8,Bachletten,14,Wirtschaft und Arbeit,Die Einkommenssteuer ist für mich,Eine hohe Einkommenssteuer ist für mich,Fr.,11 864 Fr.
2022,15,2019,2019,9451.9,Einkommenssteuer,Einkommenssteuer,9,Gotthelf,11,Wirtschaft und Arbeit,Die Einkommenssteuer ist für mich,Eine hohe Einkommenssteuer ist für mich,Fr.,9 452 Fr.
2022,15,2019,2019,6448.6,Einkommenssteuer,Einkommenssteuer,10,Iselin,3,Wirtschaft und Arbeit,Die Einkommenssteuer ist für mich,Eine hohe Einkommenssteuer ist für mich,Fr.,6 449 Fr.
2022,15,2019,2019,7078.3,Einkommenssteuer,Einkommenssteuer,11,St. Johann,6,Wirtschaft und Arbeit,Die Einkommenssteuer ist für mich,Eine hohe Einkommenssteuer ist für mich,Fr.,7 078 Fr.
2022,15,2019,2019,9851.1,Einkommenssteuer,Einkommenssteuer,12,Altstadt Kleinbasel,12,Wirtschaft und Arbeit,Die Einkommenssteuer ist für mich,Eine hohe Einkommenssteuer ist für mich,Fr.,9 851 Fr.
2022,15,2019,2019,6669.6,Einkommenssteuer,Einkommenssteuer,13,Clara,4,Wirtschaft und Arbeit,Die Einkommenssteuer ist für mich,Eine hohe Einkommenssteuer ist für mich,Fr.,6 670 Fr.
2022,15,2019,2019,12386.6,Einkommenssteuer,Einkommenssteuer,14,Wettstein,15,Wirtschaft und Arbeit,Die Einkommenssteuer ist für mich,Eine hohe Einkommenssteuer ist für mich,Fr.,12 387 Fr.
2022,15,2019,2019,8059.7,Einkommenssteuer,Einkommenssteuer,15,Hirzbrunnen,10,Wirtschaft und Arbeit,Die Einkommenssteuer ist für mich,Eine hohe Einkommenssteuer ist für mich,Fr.,8 060 Fr.
2022,15,2019,2019,7507.1,Einkommenssteuer,Einkommenssteuer,16,Rosental,7,Wirtschaft und Arbeit,Die Einkommenssteuer ist für mich,Eine hohe Einkommenssteuer ist für mich,Fr.,7 507 Fr.
2022,15,2019,2019,7048.4,Einkommenssteuer,Einkommenssteuer,17,Matthäus,5,Wirtschaft und Arbeit,Die Einkommenssteuer ist für mich,Eine hohe Einkommenssteuer ist für mich,Fr.,7 048 Fr.
2022,15,2019,2019,4393.5,Einkommenssteuer,Einkommenssteuer,18,Klybeck,1,Wirtschaft und Arbeit,Die Einkommenssteuer ist für mich,Eine hohe Einkommenssteuer ist für mich,Fr.,4 394 Fr.
2022,15,2019,2019,4793.9,Einkommenssteuer,Einkommenssteuer,19,Kleinhüningen,2,Wirtschaft und Arbeit,Die Einkommenssteuer ist für mich,Eine hohe Einkommenssteuer ist für mich,Fr.,4 794 Fr.
2022,15,2019,2019,13384.8,Einkommenssteuer,Einkommenssteuer,20,Riehen,17,Wirtschaft und Arbeit,Die Einkommenssteuer ist für mich,Eine hohe Einkommenssteuer ist für mich,Fr.,13 385 Fr.
2022,15,2019,2019,32565.5,Einkommenssteuer,Einkommenssteuer,30,Bettingen,22,Wirtschaft und Arbeit,Die Einkommenssteuer ist für mich,Eine hohe Einkommenssteuer ist für mich,Fr.,32 566 Fr.
2022,15,2019,2019,10442.0,Einkommenssteuer,Einkommenssteuer,99,Kanton Basel-Stadt,13,Wirtschaft und Arbeit,Die Einkommenssteuer ist für mich,Eine hohe Einkommenssteuer ist für mich,Fr.,10 442 Fr.
2022,16,2016-2020,2016-2020,0.8057185,Erwerbstaetigenquote,Erwerbstätigenquote,1,Altstadt Grossbasel,22,Wirtschaft und Arbeit,Die Erwerbstätigenquote ist für mich,Eine hohe Erwerbstätigenquote ist für mich,,"80,6%"
2022,16,2016-2020,2016-2020,0.7530226,Erwerbstaetigenquote,Erwerbstätigenquote,2,Vorstädte,16,Wirtschaft und Arbeit,Die Erwerbstätigenquote ist für mich,Eine hohe Erwerbstätigenquote ist für mich,,"75,3%"
2022,16,2016-2020,2016-2020,0.776574,Erwerbstaetigenquote,Erwerbstätigenquote,3,Am Ring,20,Wirtschaft und Arbeit,Die Erwerbstätigenquote ist für mich,Eine hohe Erwerbstätigenquote ist für mich,,"77,7%"
2022,16,2016-2020,2016-2020,0.7530277,Erwerbstaetigenquote,Erwerbstätigenquote,4,Breite,17,Wirtschaft und Arbeit,Die Erwerbstätigenquote ist für mich,Eine hohe Erwerbstätigenquote ist für mich,,"75,3%"
2022,16,2016-2020,2016-2020,0.717248,Erwerbstaetigenquote,Erwerbstätigenquote,5,St. Alban,8,Wirtschaft und Arbeit,Die Erwerbstätigenquote ist für mich,Eine hohe Erwerbstätigenquote ist für mich,,"71,7%"
2022,16,2016-2020,2016-2020,0.7560823,Erwerbstaetigenquote,Erwerbstätigenquote,6,Gundeldingen,18,Wirtschaft und Arbeit,Die Erwerbstätigenquote ist für mich,Eine hohe Erwerbstätigenquote ist für mich,,"75,6%"
2022,16,2016-2020,2016-2020,0.7356224,Erwerbstaetigenquote,Erwerbstätigenquote,7,Bruderholz,14,Wirtschaft und Arbeit,Die Erwerbstätigenquote ist für mich,Eine hohe Erwerbstätigenquote ist für mich,,"73,6%"
2022,16,2016-2020,2016-2020,0.7526574,Erwerbstaetigenquote,Erwerbstätigenquote,8,Bachletten,15,Wirtschaft und Arbeit,Die Erwerbstätigenquote ist für mich,Eine hohe Erwerbstätigenquote ist für mich,,"75,3%"
2022,16,2016-2020,2016-2020,0.7255677,Erwerbstaetigenquote,Erwerbstätigenquote,9,Gotthelf,10,Wirtschaft und Arbeit,Die Erwerbstätigenquote ist für mich,Eine hohe Erwerbstätigenquote ist für mich,,"72,6%"
2022,16,2016-2020,2016-2020,0.7117031,Erwerbstaetigenquote,Erwerbstätigenquote,10,Iselin,7,Wirtschaft und Arbeit,Die Erwerbstätigenquote ist für mich,Eine hohe Erwerbstätigenquote ist für mich,,"71,2%"
2022,16,2016-2020,2016-2020,0.7097482,Erwerbstaetigenquote,Erwerbstätigenquote,11,St. Johann,5,Wirtschaft und Arbeit,Die Erwerbstätigenquote ist für mich,Eine hohe Erwerbstätigenquote ist für mich,, 71%
2022,16,2016-2020,2016-2020,0.7584403,Erwerbstaetigenquote,Erwerbstätigenquote,12,Altstadt Kleinbasel,19,Wirtschaft und Arbeit,Die Erwerbstätigenquote ist für mich,Eine hohe Erwerbstätigenquote ist für mich,,"75,8%"
2022,16,2016-2020,2016-2020,0.6882928,Erwerbstaetigenquote,Erwerbstätigenquote,13,Clara,3,Wirtschaft und Arbeit,Die Erwerbstätigenquote ist für mich,Eine hohe Erwerbstätigenquote ist für mich,,"68,8%"
2022,16,2016-2020,2016-2020,0.7896758,Erwerbstaetigenquote,Erwerbstätigenquote,14,Wettstein,21,Wirtschaft und Arbeit,Die Erwerbstätigenquote ist für mich,Eine hohe Erwerbstätigenquote ist für mich,, 79%
2022,16,2016-2020,2016-2020,0.7112519,Erwerbstaetigenquote,Erwerbstätigenquote,15,Hirzbrunnen,6,Wirtschaft und Arbeit,Die Erwerbstätigenquote ist für mich,Eine hohe Erwerbstätigenquote ist für mich,,"71,1%"
2022,16,2016-2020,2016-2020,0.7068611,Erwerbstaetigenquote,Erwerbstätigenquote,16,Rosental,4,Wirtschaft und Arbeit,Die Erwerbstätigenquote ist für mich,Eine hohe Erwerbstätigenquote ist für mich,,"70,7%"
2022,16,2016-2020,2016-2020,0.7191912,Erwerbstaetigenquote,Erwerbstätigenquote,17,Matthäus,9,Wirtschaft und Arbeit,Die Erwerbstätigenquote ist für mich,Eine hohe Erwerbstätigenquote ist für mich,,"71,9%"
2022,16,2016-2020,2016-2020,0.6446787,Erwerbstaetigenquote,Erwerbstätigenquote,18,Klybeck,2,Wirtschaft und Arbeit,Die Erwerbstätigenquote ist für mich,Eine hohe Erwerbstätigenquote ist für mich,,"64,5%"
2022,16,2016-2020,2016-2020,0.5825095,Erwerbstaetigenquote,Erwerbstätigenquote,19,Kleinhüningen,1,Wirtschaft und Arbeit,Die Erwerbstätigenquote ist für mich,Eine hohe Erwerbstätigenquote ist für mich,,"58,3%"
2022,16,2016-2020,2016-2020,0.7283179,Erwerbstaetigenquote,Erwerbstätigenquote,20,Riehen,12,Wirtschaft und Arbeit,Die Erwerbstätigenquote ist für mich,Eine hohe Erwerbstätigenquote ist für mich,,"72,8%"
2022,16,2016-2020,2016-2020,0.7283179,Erwerbstaetigenquote,Erwerbstätigenquote,30,Bettingen,12,Wirtschaft und Arbeit,Die Erwerbstätigenquote ist für mich,Eine hohe Erwerbstätigenquote ist für mich,,"72,8%"
2022,16,2016-2020,2016-2020,0.728,Erwerbstaetigenquote,Erwerbstätigenquote,99,Kanton Basel-Stadt,11,Wirtschaft und Arbeit,Die Erwerbstätigenquote ist für mich,Eine hohe Erwerbstätigenquote ist für mich,,"72,8%"
2022,17,,,3.9449128,Arbeitsplaetzeprokopf,Arbeitsplätze pro Kopf,1,Altstadt Grossbasel,21,Wirtschaft und Arbeit,Der Anteil Arbeitsplätze pro Kopf ist für mich,Ein hoher Anteil Arbeitsplätze pro Kopf ist für mich,,"3,94"
2022,17,,,4.4620011,Arbeitsplaetzeprokopf,Arbeitsplätze pro Kopf,2,Vorstädte,22,Wirtschaft und Arbeit,Der Anteil Arbeitsplätze pro Kopf ist für mich,Ein hoher Anteil Arbeitsplätze pro Kopf ist für mich,,"4,46"
2022,17,,,0.9907,Arbeitsplaetzeprokopf,Arbeitsplätze pro Kopf,3,Am Ring,15,Wirtschaft und Arbeit,Der Anteil Arbeitsplätze pro Kopf ist für mich,Ein hoher Anteil Arbeitsplätze pro Kopf ist für mich,,"0,991"
2022,17,,,0.1273465,Arbeitsplaetzeprokopf,Arbeitsplätze pro Kopf,4,Breite,2,Wirtschaft und Arbeit,Der Anteil Arbeitsplätze pro Kopf ist für mich,Ein hoher Anteil Arbeitsplätze pro Kopf ist für mich,,"0,127"
2022,17,,,2.3529418,Arbeitsplaetzeprokopf,Arbeitsplätze pro Kopf,5,St. Alban,19,Wirtschaft und Arbeit,Der Anteil Arbeitsplätze pro Kopf ist für mich,Ein hoher Anteil Arbeitsplätze pro Kopf ist für mich,,"2,35"
2022,17,,,0.5900194,Arbeitsplaetzeprokopf,Arbeitsplätze pro Kopf,6,Gundeldingen,12,Wirtschaft und Arbeit,Der Anteil Arbeitsplätze pro Kopf ist für mich,Ein hoher Anteil Arbeitsplätze pro Kopf ist für mich,,"0,59"
2022,17,,,0.1205582,Arbeitsplaetzeprokopf,Arbeitsplätze pro Kopf,7,Bruderholz,1,Wirtschaft und Arbeit,Der Anteil Arbeitsplätze pro Kopf ist für mich,Ein hoher Anteil Arbeitsplätze pro Kopf ist für mich,,"0,121"
2022,17,,,0.2284203,Arbeitsplaetzeprokopf,Arbeitsplätze pro Kopf,8,Bachletten,7,Wirtschaft und Arbeit,Der Anteil Arbeitsplätze pro Kopf ist für mich,Ein hoher Anteil Arbeitsplätze pro Kopf ist für mich,,"0,228"
2022,17,,,0.2953332,Arbeitsplaetzeprokopf,Arbeitsplätze pro Kopf,9,Gotthelf,8,Wirtschaft und Arbeit,Der Anteil Arbeitsplätze pro Kopf ist für mich,Ein hoher Anteil Arbeitsplätze pro Kopf ist für mich,,"0,295"
2022,17,,,0.1687591,Arbeitsplaetzeprokopf,Arbeitsplätze pro Kopf,10,Iselin,4,Wirtschaft und Arbeit,Der Anteil Arbeitsplätze pro Kopf ist für mich,Ein hoher Anteil Arbeitsplätze pro Kopf ist für mich,,"0,169"
2022,17,,,1.0672492,Arbeitsplaetzeprokopf,Arbeitsplätze pro Kopf,11,St. Johann,16,Wirtschaft und Arbeit,Der Anteil Arbeitsplätze pro Kopf ist für mich,Ein hoher Anteil Arbeitsplätze pro Kopf ist für mich,,"1,07"
2022,17,,,1.5055148,Arbeitsplaetzeprokopf,Arbeitsplätze pro Kopf,12,Altstadt Kleinbasel,17,Wirtschaft und Arbeit,Der Anteil Arbeitsplätze pro Kopf ist für mich,Ein hoher Anteil Arbeitsplätze pro Kopf ist für mich,,"1,51"
2022,17,,,0.5787908,Arbeitsplaetzeprokopf,Arbeitsplätze pro Kopf,13,Clara,11,Wirtschaft und Arbeit,Der Anteil Arbeitsplätze pro Kopf ist für mich,Ein hoher Anteil Arbeitsplätze pro Kopf ist für mich,,"0,579"
2022,17,,,1.874501,Arbeitsplaetzeprokopf,Arbeitsplätze pro Kopf,14,Wettstein,18,Wirtschaft und Arbeit,Der Anteil Arbeitsplätze pro Kopf ist für mich,Ein hoher Anteil Arbeitsplätze pro Kopf ist für mich,,"1,87"
2022,17,,,0.3114407,Arbeitsplaetzeprokopf,Arbeitsplätze pro Kopf,15,Hirzbrunnen,9,Wirtschaft und Arbeit,Der Anteil Arbeitsplätze pro Kopf ist für mich,Ein hoher Anteil Arbeitsplätze pro Kopf ist für mich,,"0,311"
2022,17,,,0.602277,Arbeitsplaetzeprokopf,Arbeitsplätze pro Kopf,16,Rosental,13,Wirtschaft und Arbeit,Der Anteil Arbeitsplätze pro Kopf ist für mich,Ein hoher Anteil Arbeitsplätze pro Kopf ist für mich,,"0,602"
2022,17,,,0.184834,Arbeitsplaetzeprokopf,Arbeitsplätze pro Kopf,17,Matthäus,6,Wirtschaft und Arbeit,Der Anteil Arbeitsplätze pro Kopf ist für mich,Ein hoher Anteil Arbeitsplätze pro Kopf ist für mich,,"0,185"
2022,17,,,0.4844005,Arbeitsplaetzeprokopf,Arbeitsplätze pro Kopf,18,Klybeck,10,Wirtschaft und Arbeit,Der Anteil Arbeitsplätze pro Kopf ist für mich,Ein hoher Anteil Arbeitsplätze pro Kopf ist für mich,,"0,484"
2022,17,,,2.3719933,Arbeitsplaetzeprokopf,Arbeitsplätze pro Kopf,19,Kleinhüningen,20,Wirtschaft und Arbeit,Der Anteil Arbeitsplätze pro Kopf ist für mich,Ein hoher Anteil Arbeitsplätze pro Kopf ist für mich,,"2,37"
2022,17,,,0.1612785,Arbeitsplaetzeprokopf,Arbeitsplätze pro Kopf,20,Riehen,3,Wirtschaft und Arbeit,Der Anteil Arbeitsplätze pro Kopf ist für mich,Ein hoher Anteil Arbeitsplätze pro Kopf ist für mich,,"0,161"
2022,17,,,0.1781847,Arbeitsplaetzeprokopf,Arbeitsplätze pro Kopf,30,Bettingen,5,Wirtschaft und Arbeit,Der Anteil Arbeitsplätze pro Kopf ist für mich,Ein hoher Anteil Arbeitsplätze pro Kopf ist für mich,,"0,178"
2022,17,,,0.761,Arbeitsplaetzeprokopf,Arbeitsplätze pro Kopf,99,Kanton Basel-Stadt,14,Wirtschaft und Arbeit,Der Anteil Arbeitsplätze pro Kopf ist für mich,Ein hoher Anteil Arbeitsplätze pro Kopf ist für mich,,"0,761"
